id;titulo;contenido;categoria;tags
1;Pellentesque eget nunc.;"Vestibulum ac est lacinia nisi venenatis tristique. Fusce congue; diam id ornare imperdiet; sapien urna pretium nisl; ut volutpat sapien arcu sed augue. Aliquam erat volutpat.
In congue. Etiam justo. Etiam pretium iaculis justo.";1;decoración
2;Aenean sit amet justo.;"Integer ac leo. Pellentesque ultrices mattis odio. Donec vitae nisi.
Nam ultrices; libero non mattis pulvinar; nulla pede ullamcorper augue; a suscipit nulla elit ac nulla. Sed vel enim sit amet nunc viverra dapibus. Nulla suscipit ligula in lacus.
Curabitur at ipsum ac tellus semper interdum. Mauris ullamcorper purus sit amet nulla. Quisque arcu libero; rutrum ac; lobortis vel; dapibus at; diam.";1;biografía,autor
3;"Duis bibendum; felis sed interdum venenatis; turpis enim blandit mi; in porttitor pede justo eu massa.";"Vestibulum quam sapien; varius ut; blandit non; interdum in; ante. Vestibulum ante ipsum primis in faucibus orci luctus et ultrices posuere cubilia Curae; Duis faucibus accumsan odio. Curabitur convallis.";1;autor,crisis,academia
4;Vestibulum ante ipsum primis in faucibus orci luctus et ultrices posuere cubilia Curae; Duis faucibus accumsan odio.;3;biografía,autor
5;"Proin leo odio; porttitor id; consequat in; consequat ut; nulla.";"In congue. Etiam justo. Etiam pretium iaculis justo.
In hac habitasse platea dictumst. Etiam faucibus cursus urna. Ut tellus.";4;autor,crisis,academia
6;Vivamus vestibulum sagittis sapien.;"Nulla ut erat id mauris vulputate elementum. Nullam varius. Nulla facilisi.
Cras non velit nec nisi vulputate nonummy. Maecenas tincidunt lacus at velit. Vivamus vel nulla eget eros elementum pellentesque.";2;autor,crisis,academia
7;Praesent lectus.;"Proin interdum mauris non ligula pellentesque ultrices. Phasellus id sapien in sapien iaculis congue. Vivamus metus arcu; adipiscing molestie; hendrerit at; vulputate vitae; nisl.
Aenean lectus. Pellentesque eget nunc. Donec quis orci eget orci vehicula condimentum.";2;autor,crisis,academia
8;Donec semper sapien a libero.;Duis bibendum. Morbi non quam nec dui luctus rutrum. Nulla tellus.;5;decoración
9;"Vivamus metus arcu; adipiscing molestie; hendrerit at; vulputate vitae; nisl.";"Suspendisse potenti. In eleifend quam a odio. In hac habitasse platea dictumst.
Maecenas ut massa quis augue luctus tincidunt. Nulla mollis molestie lorem. Quisque ut erat.";3;biografía,autor
10;Morbi quis tortor id nulla ultrices aliquet.;"Aenean lectus. Pellentesque eget nunc. Donec quis orci eget orci vehicula condimentum.
Curabitur in libero ut massa volutpat convallis. Morbi odio odio; elementum eu; interdum eu; tincidunt in; leo. Maecenas pulvinar lobortis est.
Phasellus sit amet erat. Nulla tempus. Vivamus in felis eu sapien cursus vestibulum.";4;autor,crisis,academia
11;"Nulla neque libero; convallis eget; eleifend luctus; ultricies eu; nibh.";"Nam ultrices; libero non mattis pulvinar; nulla pede ullamcorper augue; a suscipit nulla elit ac nulla. Sed vel enim sit amet nunc viverra dapibus. Nulla suscipit ligula in lacus.
Curabitur at ipsum ac tellus semper interdum. Mauris ullamcorper purus sit amet nulla. Quisque arcu libero; rutrum ac; lobortis vel; dapibus at; diam.";5;biografía,autor
12;Curabitur convallis.;"Maecenas leo odio; condimentum id; luctus nec; molestie sed; justo. Pellentesque viverra pede ac diam. Cras pellentesque volutpat dui.
Maecenas tristique; est et tempus semper; est quam pharetra magna; ac consequat metus sapien ut nunc. Vestibulum ante ipsum primis in faucibus orci luctus et ultrices posuere cubilia Curae; Mauris viverra diam vitae quam. Suspendisse potenti.
Nullam porttitor lacus at turpis. Donec posuere metus vitae ipsum. Aliquam non mauris.";5;biografía,autor
13;Sed vel enim sit amet nunc viverra dapibus.;"Proin eu mi. Nulla ac enim. In tempor; turpis nec euismod scelerisque; quam turpis adipiscing lorem; vitae mattis nibh ligula nec sem.
Duis aliquam convallis nunc. Proin at turpis a pede posuere nonummy. Integer non velit.";5;autor,crisis,academia
14;Morbi non lectus.;"Aenean lectus. Pellentesque eget nunc. Donec quis orci eget orci vehicula condimentum.
Curabitur in libero ut massa volutpat convallis. Morbi odio odio; elementum eu; interdum eu; tincidunt in; leo. Maecenas pulvinar lobortis est.
Phasellus sit amet erat. Nulla tempus. Vivamus in felis eu sapien cursus vestibulum.";5;
15;"Fusce lacus purus; aliquet at; feugiat non; pretium quis; lectus.";"Proin leo odio; porttitor id; consequat in; consequat ut; nulla. Sed accumsan felis. Ut at dolor quis odio consequat varius.
Integer ac leo. Pellentesque ultrices mattis odio. Donec vitae nisi.
Nam ultrices; libero non mattis pulvinar; nulla pede ullamcorper augue; a suscipit nulla elit ac nulla. Sed vel enim sit amet nunc viverra dapibus. Nulla suscipit ligula in lacus.";1;decoración
16;Praesent blandit.;"Donec diam neque; vestibulum eget; vulputate ut; ultrices vel; augue. Vestibulum ante ipsum primis in faucibus orci luctus et ultrices posuere cubilia Curae; Donec pharetra; magna vestibulum aliquet ultrices; erat tortor sollicitudin mi; sit amet lobortis sapien sapien non mi. Integer ac neque.";1;biografía,autor
17;Proin eu mi.;In quis justo. Maecenas rhoncus aliquam lacus. Morbi quis tortor id nulla ultrices aliquet.;1;biografía,autor
18;Sed sagittis.;"Pellentesque at nulla. Suspendisse potenti. Cras in purus eu magna vulputate luctus.
Cum sociis natoque penatibus et magnis dis parturient montes; nascetur ridiculus mus. Vivamus vestibulum sagittis sapien. Cum sociis natoque penatibus et magnis dis parturient montes; nascetur ridiculus mus.
Etiam vel augue. Vestibulum rutrum rutrum neque. Aenean auctor gravida sem.";1;autor,crisis,academia
19;Nullam varius.;"Morbi porttitor lorem id ligula. Suspendisse ornare consequat lectus. In est risus; auctor sed; tristique in; tempus sit amet; sem.
Fusce consequat. Nulla nisl. Nunc nisl.
Duis bibendum; felis sed interdum venenatis; turpis enim blandit mi; in porttitor pede justo eu massa. Donec dapibus. Duis at velit eu est congue elementum.";1;biografía,autor
20;Suspendisse potenti.;"Integer tincidunt ante vel ipsum. Praesent blandit lacinia erat. Vestibulum sed magna at nunc commodo placerat.
Praesent blandit. Nam nulla. Integer pede justo; lacinia eget; tincidunt eget; tempus vel; pede.
Morbi porttitor lorem id ligula. Suspendisse ornare consequat lectus. In est risus; auctor sed; tristique in; tempus sit amet; sem.";1;autor,crisis,academia
21;Nulla suscipit ligula in lacus.;"Morbi porttitor lorem id ligula. Suspendisse ornare consequat lectus. In est risus; auctor sed; tristique in; tempus sit amet; sem.
Fusce consequat. Nulla nisl. Nunc nisl.";2;biografía,autor
22;Duis aliquam convallis nunc.;"In hac habitasse platea dictumst. Morbi vestibulum; velit id pretium iaculis; diam erat fermentum justo; nec condimentum neque sapien placerat ante. Nulla justo.
Aliquam quis turpis eget elit sodales scelerisque. Mauris sit amet eros. Suspendisse accumsan tortor quis turpis.
Sed ante. Vivamus tortor. Duis mattis egestas metus.";5;decoración
23;Donec ut mauris eget massa tempor convallis.;Nullam sit amet turpis elementum ligula vehicula consequat. Morbi a ipsum. Integer a nibh.;5;biografía,autor
24;"In est risus; auctor sed; tristique in; tempus sit amet; sem.";Nullam porttitor lacus at turpis. Donec posuere metus vitae ipsum. Aliquam non mauris.;5;decoración
25;Suspendisse accumsan tortor quis turpis.;Duis aliquam convallis nunc. Proin at turpis a pede posuere nonummy. Integer non velit.;4;biografía,autor
26;"Fusce congue; diam id ornare imperdiet; sapien urna pretium nisl; ut volutpat sapien arcu sed augue.";"Maecenas tristique; est et tempus semper; est quam pharetra magna; ac consequat metus sapien ut nunc. Vestibulum ante ipsum primis in faucibus orci luctus et ultrices posuere cubilia Curae; Mauris viverra diam vitae quam. Suspendisse potenti.";4;biografía,autor
27;Proin at turpis a pede posuere nonummy.;"Cras mi pede; malesuada in; imperdiet et; commodo vulputate; justo. In blandit ultrices enim. Lorem ipsum dolor sit amet; consectetuer adipiscing elit.
Proin interdum mauris non ligula pellentesque ultrices. Phasellus id sapien in sapien iaculis congue. Vivamus metus arcu; adipiscing molestie; hendrerit at; vulputate vitae; nisl.
Aenean lectus. Pellentesque eget nunc. Donec quis orci eget orci vehicula condimentum.";3;biografía,autor
28;Sed ante.;"Quisque porta volutpat erat. Quisque erat eros; viverra eget; congue eget; semper rutrum; nulla. Nunc purus.
Phasellus in felis. Donec semper sapien a libero. Nam dui.";1;autor,crisis,academia
29;Morbi quis tortor id nulla ultrices aliquet.;"Fusce posuere felis sed lacus. Morbi sem mauris; laoreet ut; rhoncus aliquet; pulvinar sed; nisl. Nunc rhoncus dui vel sem.";1;biografía,autor
30;Nullam varius.;"Sed sagittis. Nam congue; risus semper porta volutpat; quam pede lobortis ligula; sit amet eleifend pede libero quis orci. Nullam molestie nibh in lectus.
Pellentesque at nulla. Suspendisse potenti. Cras in purus eu magna vulputate luctus.";2;autor,crisis,academia
31;Integer non velit.;"Sed ante. Vivamus tortor. Duis mattis egestas metus.
Aenean fermentum. Donec ut mauris eget massa tempor convallis. Nulla neque libero; convallis eget; eleifend luctus; ultricies eu; nibh.
Quisque id justo sit amet sapien dignissim vestibulum. Vestibulum ante ipsum primis in faucibus orci luctus et ultrices posuere cubilia Curae; Nulla dapibus dolor vel est. Donec odio justo; sollicitudin ut; suscipit a; feugiat et; eros.";2;biografía,autor
32;Etiam justo.;"Fusce consequat. Nulla nisl. Nunc nisl.
Duis bibendum; felis sed interdum venenatis; turpis enim blandit mi; in porttitor pede justo eu massa. Donec dapibus. Duis at velit eu est congue elementum.";2;decoración
33;Duis consequat dui nec nisi volutpat eleifend.;"Maecenas leo odio; condimentum id; luctus nec; molestie sed; justo. Pellentesque viverra pede ac diam. Cras pellentesque volutpat dui.";2;biografía,autor
34;"Donec odio justo; sollicitudin ut; suscipit a; feugiat et; eros.";"Cras mi pede; malesuada in; imperdiet et; commodo vulputate; justo. In blandit ultrices enim. Lorem ipsum dolor sit amet; consectetuer adipiscing elit.";2;decoración
35;Proin at turpis a pede posuere nonummy.;"Vestibulum ac est lacinia nisi venenatis tristique. Fusce congue; diam id ornare imperdiet; sapien urna pretium nisl; ut volutpat sapien arcu sed augue. Aliquam erat volutpat.";3;biografía,autor
36;"In tempor; turpis nec euismod scelerisque; quam turpis adipiscing lorem; vitae mattis nibh ligula nec sem.";"Fusce posuere felis sed lacus. Morbi sem mauris; laoreet ut; rhoncus aliquet; pulvinar sed; nisl. Nunc rhoncus dui vel sem.";3;biografía,autor
37;Vivamus vestibulum sagittis sapien.;Nulla ut erat id mauris vulputate elementum. Nullam varius. Nulla facilisi.;2;autor,crisis,academia
38;Morbi a ipsum.;"Curabitur gravida nisi at nibh. In hac habitasse platea dictumst. Aliquam augue quam; sollicitudin vitae; consectetuer eget; rutrum at; lorem.
Integer tincidunt ante vel ipsum. Praesent blandit lacinia erat. Vestibulum sed magna at nunc commodo placerat.
Praesent blandit. Nam nulla. Integer pede justo; lacinia eget; tincidunt eget; tempus vel; pede.";3;
39;Aenean auctor gravida sem.;"Nulla ut erat id mauris vulputate elementum. Nullam varius. Nulla facilisi.
Cras non velit nec nisi vulputate nonummy. Maecenas tincidunt lacus at velit. Vivamus vel nulla eget eros elementum pellentesque.
Quisque porta volutpat erat. Quisque erat eros; viverra eget; congue eget; semper rutrum; nulla. Nunc purus.";2;decoración
40;Mauris sit amet eros.;"Maecenas leo odio; condimentum id; luctus nec; molestie sed; justo. Pellentesque viverra pede ac diam. Cras pellentesque volutpat dui.
Maecenas tristique; est et tempus semper; est quam pharetra magna; ac consequat metus sapien ut nunc. Vestibulum ante ipsum primis in faucibus orci luctus et ultrices posuere cubilia Curae; Mauris viverra diam vitae quam. Suspendisse potenti.
Nullam porttitor lacus at turpis. Donec posuere metus vitae ipsum. Aliquam non mauris.";4;biografía,autor
41;Nulla ac enim.;"Cras mi pede; malesuada in; imperdiet et; commodo vulputate; justo. In blandit ultrices enim. Lorem ipsum dolor sit amet; consectetuer adipiscing elit.
Proin interdum mauris non ligula pellentesque ultrices. Phasellus id sapien in sapien iaculis congue. Vivamus metus arcu; adipiscing molestie; hendrerit at; vulputate vitae; nisl.";5;biografía,autor
42;Suspendisse accumsan tortor quis turpis.;"Etiam vel augue. Vestibulum rutrum rutrum neque. Aenean auctor gravida sem.
Praesent id massa id nisl venenatis lacinia. Aenean sit amet justo. Morbi ut odio.
Cras mi pede; malesuada in; imperdiet et; commodo vulputate; justo. In blandit ultrices enim. Lorem ipsum dolor sit amet; consectetuer adipiscing elit.";5;biografía,autor
43;"Lorem ipsum dolor sit amet; consectetuer adipiscing elit.";"Phasellus sit amet erat. Nulla tempus. Vivamus in felis eu sapien cursus vestibulum.
Proin eu mi. Nulla ac enim. In tempor; turpis nec euismod scelerisque; quam turpis adipiscing lorem; vitae mattis nibh ligula nec sem.";1;autor,crisis,academia
44;Integer ac neque.;"Quisque id justo sit amet sapien dignissim vestibulum. Vestibulum ante ipsum primis in faucibus orci luctus et ultrices posuere cubilia Curae; Nulla dapibus dolor vel est. Donec odio justo; sollicitudin ut; suscipit a; feugiat et; eros.
Vestibulum ac est lacinia nisi venenatis tristique. Fusce congue; diam id ornare imperdiet; sapien urna pretium nisl; ut volutpat sapien arcu sed augue. Aliquam erat volutpat.";5;biografía,autor
45;"Mauris enim leo; rhoncus sed; vestibulum sit amet; cursus id; turpis.";Nulla ut erat id mauris vulputate elementum. Nullam varius. Nulla facilisi.;2;autor,crisis,academia
46;"Nam ultrices; libero non mattis pulvinar; nulla pede ullamcorper augue; a suscipit nulla elit ac nulla.";"Sed sagittis. Nam congue; risus semper porta volutpat; quam pede lobortis ligula; sit amet eleifend pede libero quis orci. Nullam molestie nibh in lectus.
Pellentesque at nulla. Suspendisse potenti. Cras in purus eu magna vulputate luctus.
Cum sociis natoque penatibus et magnis dis parturient montes; nascetur ridiculus mus. Vivamus vestibulum sagittis sapien. Cum sociis natoque penatibus et magnis dis parturient montes; nascetur ridiculus mus.";2;biografía,autor
47;In hac habitasse platea dictumst.;"Nulla ut erat id mauris vulputate elementum. Nullam varius. Nulla facilisi.
Cras non velit nec nisi vulputate nonummy. Maecenas tincidunt lacus at velit. Vivamus vel nulla eget eros elementum pellentesque.";3;decoración
48;"Quisque erat eros; viverra eget; congue eget; semper rutrum; nulla.";"Cum sociis natoque penatibus et magnis dis parturient montes; nascetur ridiculus mus. Vivamus vestibulum sagittis sapien. Cum sociis natoque penatibus et magnis dis parturient montes; nascetur ridiculus mus.
Etiam vel augue. Vestibulum rutrum rutrum neque. Aenean auctor gravida sem.";3;biografía,autor
49;Vivamus in felis eu sapien cursus vestibulum.;Aliquam quis turpis eget elit sodales scelerisque. Mauris sit amet eros. Suspendisse accumsan tortor quis turpis.;5;decoración
50;Nullam porttitor lacus at turpis.;"Etiam vel augue. Vestibulum rutrum rutrum neque. Aenean auctor gravida sem.
Praesent id massa id nisl venenatis lacinia. Aenean sit amet justo. Morbi ut odio.
Cras mi pede; malesuada in; imperdiet et; commodo vulputate; justo. In blandit ultrices enim. Lorem ipsum dolor sit amet; consectetuer adipiscing elit.";1;biografía,autor
